Sequence Name,tRNA #,tRNA Begin,Bounds End,tRNA Type,AntiCodon,Intron Begin,Bounds End,Inf Score,Isotype CM,Isotype Score
Your-seq,1,225381,225457,Ile,GAT,0,0,75.8,Ile,110.9
Your-seq,2,225500,225575,Ala,TGC,0,0,78.1,Ala,115.6
Your-seq,3,228928,229004,Asp,GTC,0,0,85.5,Asp,128.1
Your-seq,4,236931,237007,Asp,GTC,0,0,85.5,Asp,128.1
Your-seq,5,262871,262946,Thr,CGT,0,0,85.1,Thr,105.6
Your-seq,6,297184,297254,Thr,CGT,0,0,44.2,Thr,49.5
Your-seq,7,564723,564799,Arg,TCT,0,0,86.6,Arg,103.5
Your-seq,8,586007,586101,Undet,NNN,0,0,31.7,Arg,36.2
Your-seq,9,780554,780629,Lys,TTT,0,0,94.9,Lys,113.3
Your-seq,10,780765,780840,Val,TAC,0,0,84.6,Val,110.9
Your-seq,11,780843,780918,Lys,TTT,0,0,94.9,Lys,113.3
Your-seq,12,781068,781143,Val,TAC,0,0,84.6,Val,110.9
Your-seq,13,781147,781222,Lys,TTT,0,0,94.9,Lys,113.3
Your-seq,14,781369,781444,Lys,TTT,0,0,94.9,Lys,113.3
Your-seq,15,781577,781652,Lys,TTT,0,0,94.9,Lys,113.3
Your-seq,16,1746435,1746511,Val,GAC,0,0,82.5,Val,101.9
Your-seq,17,1746516,1746592,Val,GAC,0,0,85.9,Val,104.4
Your-seq,18,2044549,2044624,Asn,GTT,0,0,79.7,Asn,115.2
Your-seq,19,2059851,2059926,Asn,GTT,0,0,79.7,Asn,115.2
Your-seq,20,2062260,2062335,Asn,GTT,0,0,79.7,Asn,115.2
Your-seq,21,2286211,2286287,Pro,GGG,0,0,67.3,Pro,110.3
Your-seq,22,2466309,2466383,Arg,CCT,0,0,62.5,Arg,77.7
Your-seq,23,2520931,2521006,Val,TAC,0,0,84.6,Val,110.9
Your-seq,24,2521051,2521126,Val,TAC,0,0,84.6,Val,110.9
Your-seq,25,2521173,2521248,Val,TAC,0,0,84.6,Val,110.9
Your-seq,26,2521253,2521328,Lys,TTT,0,0,94.9,Lys,113.3
Your-seq,27,2755859,2755955,Undet,NNN,0,0,29.6,Ile2,28.4
Your-seq,28,2947387,2947463,fMet,CAT,0,0,77.5,fMet,129.5
Your-seq,29,2947497,2947573,fMet,CAT,0,0,77.5,fMet,129.5
Your-seq,30,2947607,2947683,fMet,CAT,0,0,77.5,fMet,129.5
Your-seq,31,3110366,3110441,Phe,GAA,0,0,75.3,Phe,104.8
Your-seq,32,3215598,3215673,Ile2,CAT,0,0,85.1,Ile2,111.7
Your-seq,33,3836222,3836316,SeC,TCA,0,0,142.5,SeC,142.5
Your-seq,34,3943435,3943510,Glu,TTC,0,0,66.6,Glu,105.4
Your-seq,35,3946872,3946948,Asp,GTC,0,0,85.5,Asp,128.1
Your-seq,36,3946957,3947032,Trp,CCA,0,0,79.9,Trp,98.7
Your-seq,37,3982375,3982451,Arg,CCG,0,0,82.2,Arg,104.0
Your-seq,38,3982510,3982585,His,GTG,0,0,78.7,His,106.7
Your-seq,39,3982606,3982692,Leu,CAG,0,0,67.1,Leu,109.1
Your-seq,40,3982735,3982811,Pro,TGG,0,0,82.4,Pro,115.0
Your-seq,41,4037141,4037217,Ile,GAT,0,0,75.8,Ile,110.9
Your-seq,42,4037260,4037335,Ala,TGC,0,0,78.1,Ala,115.6
Your-seq,43,4168372,4168447,Glu,TTC,0,0,66.6,Glu,105.4
Your-seq,44,4175388,4175463,Thr,TGT,0,0,81.3,Thr,106.1
Your-seq,45,4175472,4175556,Tyr,GTA,0,0,73.0,Tyr,118.5
Your-seq,46,4175673,4175747,Gly,TCC,0,0,70.6,Gly,86.6
Your-seq,47,4175754,4175829,Thr,GGT,0,0,84.7,Thr,103.0
Your-seq,48,4209774,4209849,Glu,TTC,0,0,66.6,Glu,105.4
Your-seq,49,4392360,4392435,Gly,GCC,0,0,88.4,Gly,113.7
Your-seq,50,4392472,4392547,Gly,GCC,0,0,88.4,Gly,113.7
Your-seq,51,4392583,4392658,Gly,GCC,0,0,88.4,Gly,113.7
Your-seq,52,4496405,4496489,Leu,CAA,0,0,79.3,Leu,110.3
Your-seq,53,4606401,4606315,Leu,CAG,0,0,67.1,Leu,109.1
Your-seq,54,4606286,4606200,Leu,CAG,0,0,65.0,Leu,106.8
Your-seq,55,4606165,4606079,Leu,CAG,0,0,67.1,Leu,109.1
Your-seq,56,4362626,4362551,Phe,GAA,0,0,75.3,Phe,104.8
Your-seq,57,3708692,3708616,Pro,CGG,0,0,76.0,Pro,109.5
Your-seq,58,3427152,3427076,Ile,GAT,0,0,75.8,Ile,110.9
Your-seq,59,3427033,3426958,Ala,TGC,0,0,78.1,Ala,115.6
Your-seq,60,3423655,3423580,Thr,GGT,0,0,79.8,Thr,99.7
Your-seq,61,3322158,3322072,Leu,GAG,0,0,64.5,Leu,103.6
Your-seq,62,3318289,3318213,fMet,CAT,0,0,75.5,fMet,125.8
Your-seq,63,2999057,2998984,Gly,CCC,0,0,81.1,Gly,100.5
Your-seq,64,2818645,2818553,Ser,GCT,0,0,83.4,Ser,109.5
Your-seq,65,2818549,2818473,Arg,ACG,0,0,85.1,Arg,100.6
Your-seq,66,2818274,2818198,Arg,ACG,0,0,85.1,Arg,100.6
Your-seq,67,2818135,2818059,Arg,ACG,0,0,85.1,Arg,100.6
Your-seq,68,2817860,2817784,Arg,ACG,0,0,85.1,Arg,100.6
Your-seq,69,2785837,2785762,Ile2,CAT,0,0,84.7,Ile2,112.8
Your-seq,70,2729444,2729369,Glu,TTC,0,0,66.6,Glu,105.4
Your-seq,71,2518231,2518156,Ala,GGC,0,0,75.0,Ala,114.0
Your-seq,72,2518116,2518041,Ala,GGC,0,0,75.0,Ala,114.0
Your-seq,73,2058102,2058027,Asn,GTT,0,0,79.7,Asn,115.2
Your-seq,74,2043557,2043468,Ser,CGA,0,0,90.4,Ser,122.4
Your-seq,75,1992117,1992042,Gly,GCC,0,0,88.4,Gly,113.7
Your-seq,76,1991987,1991914,Cys,GCA,0,0,63.0,Cys,86.2
Your-seq,77,1991901,1991815,Leu,TAA,0,0,71.7,Leu,101.8
Your-seq,78,1287622,1287538,Tyr,GTA,0,0,72.2,Tyr,119.1
Your-seq,79,1287328,1287244,Tyr,GTA,0,0,72.2,Tyr,119.1
Your-seq,80,1097652,1097565,Ser,GGA,0,0,76.9,Ser,117.0
Your-seq,81,1031712,1031625,Ser,TGA,0,0,83.5,Ser,103.3
Your-seq,82,925971,925884,Ser,GGA,0,0,76.9,Ser,117.0
Your-seq,83,697133,697057,Met,CAT,0,0,84.4,Met,111.6
Your-seq,84,697047,696963,Leu,TAG,0,0,74.1,Leu,115.3
Your-seq,85,696939,696865,Gln,TTG,0,0,70.4,Gln,101.4
Your-seq,86,696830,696756,Gln,TTG,0,0,70.4,Gln,101.4
Your-seq,87,696740,696664,Met,CAT,0,0,84.4,Met,111.6
Your-seq,88,696616,696542,Gln,CTG,0,0,70.8,Gln,100.0
Your-seq,89,696504,696430,Gln,CTG,0,0,70.8,Gln,100.0
